192.241.195.177,1
62.171.132.193,1
178.62.223.17,1
149.34.19.117,1
104.248.39.169,1
192.241.224.121,1
172.105.67.207,1
91.220.163.130,1
192.241.222.158,1
157.245.140.34,1
192.241.210.128,1
91.235.196.87,1
187.94.222.25,1
95.84.221.152,1
52.90.237.23,1
211.211.10.176,1
185.110.47.220,1
192.35.168.176,1
192.241.212.205,1
78.158.148.115,1
104.140.188.42,1
192.241.218.100,1
65.0.155.20,1
192.241.210.231,1
104.140.188.6,1
46.242.108.136,1
192.241.204.120,1
91.241.19.21,1
167.89.254.5,1
125.120.178.61,1
192.241.217.68,1
124.250.50.135,1
192.241.221.236,1
192.241.201.204,1
67.205.130.25,1
192.241.219.75,1
103.140.250.119,1
47.39.78.210,1
68.1.228.103,1
24.219.12.92,1
92.118.160.5,1
167.99.234.1,1
194.31.168.253,1
66.231.215.251,1
73.82.76.232,1
192.241.221.150,1
222.74.252.142,1
23.152.32.242,1
104.248.229.42,1
27.224.136.234,1
192.241.200.27,1
78.46.194.141,1
138.197.103.101,1
104.152.52.23,1
167.172.148.206,1
104.206.128.22,1
192.241.224.70,1
74.120.14.38,1
192.241.206.190,1
171.34.176.31,1
80.82.70.118,1
192.241.222.110,1
162.142.125.55,1
67.245.120.139,1
96.46.29.224,1
89.248.174.3,1
183.196.226.241,1
192.241.224.198,1
167.99.1.98,1
192.241.222.191,1
198.199.92.41,1
112.4.114.151,1
192.241.205.219,1
63.32.162.42,1
161.35.222.100,1
161.35.208.115,1
192.241.220.174,1
162.142.125.38,1
192.241.204.160,1
192.241.207.5,1
74.120.14.39,1
31.168.105.254,1
192.35.168.128,1
46.101.78.105,1
165.232.129.123,1
104.206.128.38,1
72.140.96.65,1
171.25.193.25,1
80.82.70.109,1
192.241.210.135,1
192.241.225.88,1
182.245.43.69,1
104.140.188.18,1
154.91.193.50,1
98.6.145.253,1
192.241.223.42,1
192.241.224.47,1
221.0.18.40,1
167.248.133.39,1
206.174.32.73,1
150.255.7.26,1
178.140.42.48,1
77.246.144.215,1
60.216.143.62,1
123.191.154.179,1
192.241.204.74,1
185.173.35.1,1
36.106.167.240,1
69.146.197.106,1
192.241.201.94,1
192.241.214.75,1
104.140.188.14,1
213.21.122.44,1
46.146.110.57,1
79.136.63.221,1
106.45.10.124,1
124.89.90.50,1
24.106.107.242,1
192.241.221.113,1
47.51.51.134,1
45.83.64.28,1
192.241.229.18,1
186.179.112.254,1
192.241.226.191,1
192.241.217.44,1
206.189.58.11,1
192.241.228.188,1
162.142.125.54,1
110.177.177.232,1
109.229.15.243,1
110.177.182.10,1
183.184.31.113,1
64.137.141.133,1
175.184.167.66,1
120.92.159.27,1
192.241.225.136,1
183.160.250.255,1
192.241.227.241,1
192.241.229.38,1
106.45.10.25,1
192.241.218.14,1
124.227.31.56,1
70.126.251.72,1
113.128.105.170,1
117.172.144.153,1
27.224.136.100,1
106.45.10.111,1
192.241.225.52,1
36.5.218.90,1
213.108.196.109,1
192.241.219.226,1
192.241.219.194,1
106.45.10.144,1
49.113.99.85,1
192.241.227.204,1
118.81.7.61,1
178.133.16.181,1
185.173.35.21,1
178.140.210.149,1
152.30.238.234,1
124.227.31.212,1
185.112.172.97,1
176.35.242.118,2
195.24.207.252,2
111.229.109.26,2
179.255.231.164,2
85.163.102.102,2
162.142.125.128,2
10.152.183.10,2
185.165.190.34,2
74.120.14.40,2
62.14.232.3,2
198.1.67.232,2
185.220.101.204,2
195.154.179.3,2
167.248.133.53,2
51.178.215.243,2
122.248.197.205,2
186.154.221.154,2
71.6.232.6,2
93.42.139.27,2
134.122.2.71,2
104.248.6.197,2
54.39.16.25,2
112.85.42.72,2
5.8.10.202,2
51.77.239.25,2
111.19.255.11,2
220.88.40.41,2
45.145.185.243,2
178.20.55.16,2
5.196.29.8,2
128.199.10.80,2
218.92.0.207,2
45.134.225.179,2
192.241.214.34,2
46.101.40.222,2
117.48.234.141,2
49.88.112.76,2
67.207.95.230,2
54.179.177.97,2
51.89.179.230,2
185.219.52.199,2
66.220.13.163,2
101.4.62.36,2
185.216.132.15,2
143.110.220.41,2
91.209.235.105,2
194.146.138.83,2
91.194.90.179,3
131.225.80.63,3
18.188.227.27,3
179.119.152.88,3
92.62.246.21,3
183.230.248.76,3
88.206.91.168,3
113.253.17.241,3
58.153.125.110,3
119.236.73.158,3
1.65.188.114,3
99.23.13.196,3
183.162.230.72,3
182.229.132.64,3
116.49.14.205,3
83.97.238.121,3
221.127.17.203,3
180.167.195.139,3
149.34.18.20,3
175.197.123.158,3
81.49.27.21,3
181.23.114.222,3
218.63.205.207,3
95.129.145.169,3
118.37.203.10,3
125.230.99.43,3
87.110.7.44,3
219.78.76.204,3
210.91.184.220,3
85.225.100.203,3
124.25.79.26,3
46.185.51.90,3
220.80.116.194,3
42.2.212.204,3
61.76.19.243,3
211.195.134.237,3
91.126.188.188,3
220.246.221.148,3
121.157.136.85,3
213.238.246.48,3
221.127.2.98,3
92.244.206.107,3
195.112.100.98,3
176.38.156.88,3
83.226.233.154,3
178.44.182.101,3
77.222.106.211,3
190.218.101.68,3
45.92.35.94,3
85.95.219.154,3
86.156.210.28,3
82.117.225.164,3
109.60.222.130,3
196.250.181.28,3
95.71.226.39,3
201.93.36.16,3
117.146.53.41,3
200.82.168.243,3
87.252.166.51,3
59.25.132.170,3
45.132.227.149,3
24.89.192.144,3
14.251.151.145,3
181.226.88.197,3
27.124.155.96,3
113.254.75.64,3
119.237.186.137,3
179.86.5.118,3
116.48.3.237,3
111.252.62.76,3
67.247.198.51,3
186.91.89.129,3
18.230.138.218,3
113.88.248.186,3
112.164.217.239,3
219.78.3.8,3
179.232.28.81,3
108.162.104.73,3
99.246.18.189,3
59.62.91.51,3
112.84.26.142,3
85.24.245.252,3
183.162.224.43,3
61.76.215.248,3
36.227.18.9,3
108.168.6.136,3
36.231.35.144,3
112.197.102.174,3
42.98.211.229,3
112.118.173.216,3
218.35.226.177,3
113.255.8.73,3
76.95.97.166,3
14.246.214.179,3
218.102.113.173,3
223.16.118.202,3
59.12.45.3,3
208.101.93.121,3
220.89.104.152,3
27.96.237.90,3
34.92.251.131,3
121.178.198.49,3
2.8.222.7,3
187.38.145.211,3
179.105.62.249,3
183.162.224.41,3
223.16.173.55,3
203.218.110.121,3
18.190.115.178,3
112.119.39.245,3
218.250.75.219,3
85.225.231.159,3
82.117.104.69,3
115.143.208.110,3
121.183.128.2,3
1.36.196.93,3
124.6.3.201,3
58.153.168.167,3
45.226.74.121,3
167.100.16.163,3
1.36.167.92,3
94.230.242.150,3
220.89.74.51,3
175.214.248.61,3
198.84.146.199,3
190.205.24.41,3
39.184.130.66,3
208.96.67.222,3
139.162.247.102,3
116.52.9.220,3
186.60.64.254,3
206.189.60.111,3
45.76.43.38,3
212.64.13.147,3
194.44.97.12,3
13.236.165.103,3
165.232.38.76,3
168.119.212.14,3
54.172.55.72,3
54.209.97.91,3
35.200.243.61,3
54.180.29.108,3
35.194.103.100,3
169.50.57.53,3
103.50.212.99,3
95.179.139.15,3
34.65.125.96,3
218.102.114.127,3
216.189.52.65,3
142.93.43.15,3
36.148.0.124,3
18.197.77.50,3
68.183.53.29,3
50.87.180.101,3
159.203.113.6,3
142.93.16.52,3
106.75.167.55,3
76.72.166.58,3
121.4.128.83,3
45.131.248.61,3
3.101.72.86,3
54.162.137.1,3
18.138.147.126,3
144.202.48.108,3
15.188.33.8,3
159.65.202.75,3
66.228.46.53,3
128.199.237.22,3
34.205.171.76,3
139.199.232.58,3
162.0.239.100,3
142.47.88.67,3
192.252.214.67,3
144.172.93.65,3
194.147.93.92,3
18.179.16.19,3
54.197.18.17,3
209.133.214.42,3
52.73.123.68,3
35.227.125.116,3
3.139.65.100,3
203.86.235.104,3
157.230.124.86,3
35.230.231.75,3
34.73.69.77,3
77.68.13.115,3
34.196.153.118,3
94.130.69.35,3
106.52.201.94,3
89.135.122.113,3
18.191.204.31,3
195.201.5.62,3
185.105.252.54,3
172.106.180.27,3
34.94.94.91,3
44.192.109.102,3
20.36.236.80,3
213.184.114.56,3
45.147.16.11,3
129.226.69.8,3
140.238.204.26,3
193.49.50.60,3
140.143.191.117,3
45.79.200.54,3
161.97.73.118,3
94.23.47.66,3
80.158.54.50,3
46.101.54.86,3
212.47.239.74,3
173.212.227.111,3
87.207.93.66,3
54.169.83.2,3
162.209.4.108,3
199.247.21.82,3
134.119.68.47,3
81.199.74.104,3
34.97.172.119,3
13.209.174.54,3
34.237.154.17,3
37.59.61.107,3
194.14.179.11,3
52.212.87.5,3
3.95.239.65,3
86.163.103.109,3
154.195.230.109,3
40.78.68.72,3
103.116.189.73,3
77.183.43.114,3
188.42.129.84,3
18.191.180.16,3
50.87.153.74,3
13.112.180.114,3
104.140.104.81,3
194.38.23.121,3
54.69.150.0,3
157.65.161.111,3
54.169.14.87,3
88.214.241.46,3
54.71.143.91,3
64.111.121.23,3
81.68.139.107,3
107.175.173.114,3
159.89.113.123,3
129.217.30.110,3
192.185.198.50,3
159.203.64.61,3
204.236.252.114,3
45.77.78.123,3
212.54.136.64,3
139.59.37.38,3
134.122.48.87,3
128.95.176.96,3
51.140.160.42,3
153.127.245.91,3
78.47.209.118,3
67.207.93.100,3
3.95.24.120,3
107.178.220.123,3
185.158.179.71,3
35.186.31.107,3
168.7.66.8,3
5.196.74.37,3
45.76.1.31,3
3.231.60.100,3
89.47.58.55,3
98.174.147.12,3
3.8.193.38,3
34.209.113.67,3
198.1.186.76,3
178.251.25.39,3
183.66.24.4,3
35.226.213.77,3
125.139.62.86,3
150.109.55.47,3
158.69.203.109,3
185.19.151.4,3
45.32.120.91,3
70.35.203.51,3
18.206.71.75,3
210.75.19.11,3
108.170.222.52,3
85.232.227.54,3
46.105.162.89,3
52.194.122.42,3
66.41.75.24,3
54.234.82.4,3
34.240.13.26,3
178.62.243.17,3
13.52.120.125,3
167.99.210.7,3
34.121.51.82,3
46.21.157.68,3
162.241.234.115,3
168.119.186.69,3
18.236.167.9,3
54.79.7.95,3
18.132.253.49,3
143.110.242.93,3
157.230.94.19,3
13.235.208.75,3
52.38.87.120,3
13.56.133.95,3
52.91.34.72,3
3.124.252.65,3
35.176.143.1,3
13.211.16.52,3
173.236.240.99,3
94.23.20.107,3
44.192.2.99,3
216.53.213.122,3
120.132.57.90,3
172.105.34.60,3
3.139.17.119,3
159.89.82.89,3
165.192.132.6,3
51.79.50.118,3
216.22.26.63,3
54.187.174.6,3
18.232.89.79,3
185.43.222.91,3
164.90.245.124,3
69.163.250.86,3
173.249.52.97,3
192.169.141.122,3
34.203.145.20,3
134.209.31.83,3
183.141.41.71,3
64.131.79.48,3
139.59.236.70,3
159.203.7.118,3
52.72.69.25,3
192.3.251.104,3
23.31.105.53,3
66.154.10.79,3
194.184.50.122,3
74.84.120.50,3
104.164.55.52,3
159.69.244.77,3
13.127.89.91,3
64.44.23.116,3
185.25.51.110,3
169.50.40.43,3
206.189.138.45,3
176.118.251.99,3
45.33.101.115,3
148.251.182.36,3
104.248.194.116,3
42.192.249.71,3
13.113.111.3,3
35.221.252.117,3
94.130.182.83,3
68.203.16.116,3
45.76.95.40,3
69.163.164.5,3
195.154.187.121,3
122.114.231.120,3
165.22.106.79,3
79.143.31.65,3
177.126.80.18,3
62.217.122.95,3
104.43.236.112,3
139.99.133.23,3
52.142.13.124,3
13.92.132.102,3
52.168.183.125,3
52.249.177.83,3
52.188.152.43,3
161.35.220.240,4
203.218.23.48,4
121.137.46.127,4
185.27.234.82,4
121.185.56.154,4
116.48.37.236,4
121.55.238.9,4
183.162.224.14,4
50.226.63.174,4
219.76.29.70,4
211.193.86.46,4
97.107.141.166,4
161.97.68.103,4
59.9.18.124,4
78.12.39.122,4
1.172.185.203,4
24.36.49.107,4
91.126.203.71,4
220.137.226.37,4
159.224.236.135,4
95.180.111.67,4
83.253.164.109,4
161.184.139.214,4
63.45.50.53,4
78.130.112.96,4
125.143.212.47,4
220.76.114.157,4
77.234.44.177,4
143.131.225.217,4
119.236.24.212,4
177.170.234.19,4
183.162.224.24,4
81.162.120.210,4
186.188.175.72,4
114.227.198.18,4
210.209.197.239,4
95.68.53.222,4
183.230.248.91,4
223.17.105.88,4
45.164.220.35,4
121.164.111.64,4
210.100.210.22,4
114.201.188.104,4
175.203.180.232,4
77.234.44.188,4
200.107.119.67,4
186.94.211.91,4
190.218.35.58,4
1.171.136.246,4
69.203.210.201,4
177.191.235.94,4
181.199.66.53,4
223.17.35.62,4
122.235.132.103,4
121.254.79.156,4
113.254.67.248,4
178.54.210.58,4
83.26.41.16,4
167.99.217.61,4
65.49.20.68,4
79.224.188.12,4
188.192.100.71,4
178.73.215.171,4
206.189.101.245,4
198.98.49.134,4
23.129.64.209,4
45.133.9.156,4
82.65.108.248,4
211.210.219.71,4
84.124.254.94,4
125.139.190.46,4
217.182.192.217,4
109.116.77.115,4
182.119.118.44,4
46.42.52.240,4
164.90.139.41,4
164.90.143.222,4
185.220.102.246,4
81.34.142.42,4
59.125.28.51,4
179.43.167.228,4
195.206.105.217,4
200.216.31.20,4
203.249.75.59,4
112.53.74.35,4
164.155.91.61,4
85.214.112.79,4
106.12.152.28,4
189.55.194.94,4
203.126.144.131,4
23.95.231.154,4
202.70.136.160,4
114.67.179.254,4
104.248.203.117,4
49.232.191.178,4
58.220.10.210,4
136.232.226.202,4
81.69.0.55,4
60.250.50.235,4
95.156.96.46,4
205.185.125.54,4
81.68.159.67,4
200.41.42.156,4
117.248.249.107,4
122.226.182.215,4
54.238.207.12,4
219.119.136.54,4
114.67.74.5,5
8.38.53.138,5
220.88.1.208,5
3.101.68.119,5
192.248.155.158,5
188.163.232.130,5
211.151.4.4,5
109.229.29.72,5
124.160.83.138,5
142.93.8.164,6
188.166.2.155,6
218.92.0.157,6
139.162.75.112,6
91.126.107.60,6
24.205.190.184,6
78.159.62.90,6
221.124.69.99,6
86.71.47.104,6
219.70.81.19,6
178.62.9.126,6
209.141.43.226,6
51.161.59.45,6
45.130.138.108,6
0.0.0.0,7
85.234.190.63,7
179.50.235.203,7
93.76.215.29,7
172.104.242.173,7
82.64.244.98,7
109.108.249.71,7
91.126.251.3,7
94.255.250.233,7
93.25.188.223,7
102.152.58.97,7
109.229.0.235,7
13.90.193.219,7
13.68.137.49,7
13.68.140.168,7
23.99.229.4,7
104.211.35.246,7
13.92.183.112,7
52.188.113.242,7
189.248.211.217,8
65.49.20.69,8
162.247.74.206,8
157.230.236.60,8
59.20.192.235,8
65.49.20.66,8
130.164.129.124,8
182.112.177.181,8
207.154.206.60,8
2.232.248.6,8
80.229.157.225,8
142.93.130.83,8
139.99.5.210,8
90.45.58.121,8
126.88.34.97,8
91.244.8.99,8
84.2.58.60,8
90.45.66.58,8
185.220.103.6,8
88.162.54.93,8
95.112.96.171,8
79.255.46.106,8
90.187.60.105,8
183.83.217.190,8
119.165.176.193,8
78.234.14.85,8
61.0.64.248,8
66.235.44.206,8
72.68.122.233,8
76.95.56.49,8
135.125.102.169,8
82.173.84.81,8
71.172.148.100,8
82.65.165.177,8
47.203.61.229,8
82.65.115.199,8
51.89.153.65,8
119.45.42.241,8
164.90.141.219,9
109.229.17.210,9
217.160.105.241,9
138.68.101.110,9
193.248.43.116,9
128.199.206.22,10
65.49.20.67,10
183.234.58.41,11
209.141.48.55,11
159.89.110.182,11
207.244.225.159,11
206.189.106.225,11
134.209.89.221,11
174.138.2.2,11
68.183.10.186,12
212.68.244.157,12
148.72.27.105,12
128.124.143.248,12
23.83.239.130,12
139.162.122.110,13
31.134.105.92,14
37.73.117.22,15
46.101.66.113,15
185.220.102.245,16
121.154.148.202,16
47.75.204.149,16
159.203.109.101,18
141.98.80.70,18
141.98.80.83,18
36.92.109.147,18
18.185.205.28,18
34.101.103.19,18
185.133.121.25,18
127.0.0.1,19
134.209.235.138,19
141.98.80.89,20
141.98.80.91,20
141.98.80.92,20
171.235.84.101,20
145.255.27.194,20
174.138.14.137,21
103.26.40.145,21
41.62.42.148,22
188.166.30.62,22
109.229.31.204,23
141.98.80.69,24
141.98.80.71,24
141.98.80.82,24
141.98.80.85,24
141.98.80.90,24
141.98.80.93,24
141.98.80.29,24
199.19.224.28,24
205.185.118.202,25
188.163.38.38,25
51.68.141.101,25
207.244.229.74,30
41.226.25.4,31
209.141.45.135,34
68.183.62.145,34
206.189.106.193,38
68.183.4.205,42
209.141.41.73,42
161.35.40.167,44
31.134.105.91,44
205.185.122.89,46
106.75.162.47,52
130.61.219.221,54
206.189.111.9,55
103.149.71.73,56
36.90.152.229,64
212.178.207.16,64
46.101.113.206,64
115.231.234.6,65
46.101.221.87,66
91.222.255.171,67
116.105.221.179,67
103.207.38.70,68
93.76.103.207,70
207.180.216.153,72
45.186.248.135,72
161.97.112.251,74
159.65.194.150,75
27.128.244.13,77
142.93.174.218,80
68.183.87.67,80
165.22.76.185,80
120.232.174.147,81
43.254.156.209,81
14.142.146.74,88
189.2.141.83,88
191.178.36.239,90
71.210.232.218,90
54.39.187.48,92
101.255.65.138,92
193.169.255.236,97
190.151.100.10,108
164.90.141.218,112
120.53.243.163,112
47.149.87.175,112
176.56.237.165,116
205.185.126.143,118
14.141.254.244,128
49.235.74.226,130
106.13.74.61,132
222.179.205.139,135
103.45.152.147,137
104.156.238.228,139
161.35.223.71,139
218.92.0.248,142
120.48.25.245,144
203.95.7.164,148
45.55.242.212,148
207.244.230.12,148
207.244.251.210,148
5.101.99.198,152
134.119.191.66,153
209.141.55.46,156
209.141.43.49,159
118.24.243.53,160
121.4.189.134,171
1.180.211.139,177
177.69.86.36,184
2.59.116.22,184
45.189.12.186,184
203.3.118.3,188
221.122.93.178,188
106.53.239.200,189
2.39.117.152,200
114.67.181.192,208
185.239.242.158,212
128.199.18.187,212
101.32.12.168,212
118.126.65.74,212
115.42.127.133,216
49.235.74.86,222
150.136.21.3,232
197.5.145.102,232
117.199.43.39,236
165.232.152.64,244
103.136.42.230,252
40.123.248.170,255
176.31.255.63,256
119.29.173.247,258
51.38.191.126,260
167.99.143.243,261
3.138.34.49,261
49.235.66.183,268
107.173.209.238,268
128.199.19.53,272
49.234.69.205,273
174.124.45.202,274
159.65.121.112,275
194.152.220.26,276
218.92.0.171,278
164.90.172.135,281
164.90.172.132,281
64.227.124.104,281
167.172.182.188,281
209.141.41.45,282
119.29.56.84,284
134.209.113.59,288
123.59.195.173,292
165.22.85.95,294
209.141.51.170,296
36.134.126.61,296
210.196.144.26,300
218.92.0.175,303
164.90.141.215,306
148.72.208.210,308
181.129.165.139,312
195.200.245.18,317
218.92.0.247,333
85.191.214.236,340
88.132.66.26,340
68.183.221.177,344
51.38.83.164,352
114.245.243.18,356
218.92.0.145,357
115.231.0.56,360
87.241.1.186,364
49.235.181.51,373
218.92.0.158,376
218.92.0.138,388
185.216.178.231,388
218.92.0.165,397
45.15.143.246,398
49.234.18.158,410
175.207.13.22,420
40.124.40.216,428
218.92.0.133,439
218.92.0.184,443
42.193.10.240,449
101.32.45.10,452
171.97.102.51,469
201.236.134.154,492
45.15.143.152,512
218.92.0.172,522
117.4.114.171,537
221.181.185.223,552
221.181.185.140,556
106.52.141.169,558
49.37.211.1,573
222.240.1.0,574
42.192.52.209,594
218.92.0.185,600
180.66.102.25,600
148.72.65.173,600
35.240.145.169,600
183.111.188.94,629
198.211.108.79,669
103.130.195.188,678
221.181.185.29,686
221.131.165.85,717
61.177.172.104,835
221.181.185.143,848
165.227.118.18,851
221.131.165.124,876
103.66.76.1,1133
117.2.24.53,1141
14.177.7.145,1161
187.18.232.214,1165
180.252.81.145,1165
142.93.110.43,1217
221.181.185.148,1302
221.181.185.135,1313
222.187.222.55,1370
221.181.185.19,1507
221.181.185.237,1542
221.181.185.220,1658
218.22.27.14,1710
221.131.165.86,1849
222.187.239.31,1856
221.181.185.198,1929
222.187.238.87,2401
218.92.0.204,3688
61.177.173.30,8065
61.132.46.219,15498
218.92.0.211,16081
61.177.172.158,19881
